[
  {
    "title": "Horror Trivia",
    "date": "2025-08-19",
    "time": "19:00",
    "venue": "Conduit",
    "venue_url": "https://www.conduitfl.com/",
    "url": "https://www.conduitfl.com/",
    "description": "Live music at Conduit. 0.00. Tickets: $18 and up",
    "price": "$18 and up",
    "age_restriction": "0.00",
    "source": "conduit",
    "flyer_url": "https://i.ticketweb.com/i/00/12/67/70/74_Original.jpg?v=3",
    "flyer_filename": "conduit-08.19-Horror-Trivia.jpg"
  },
  {
    "title": "Void. Terror. Silence: A FREE Night of Goth and Industrial Music (Summer Tiki Edition)",
    "date": "2025-08-20",
    "time": "19:00",
    "venue": "Conduit",
    "venue_url": "https://www.conduitfl.com/",
    "url": "https://www.conduitfl.com/",
    "description": "Live music at Conduit. 0.00. Tickets: $18 and up",
    "price": "$18 and up",
    "age_restriction": "0.00",
    "source": "conduit",
    "flyer_url": "https://i.ticketweb.com/i/00/12/68/62/04_Original.jpg?v=3",
    "flyer_filename": "conduit-08.20-Void-Terror-Silence-A-FREE-Night-of-Goth-and-Indus.jpg"
  },
  {
    "title": "AJ McQueen \"When We Evolve\" Tour",
    "date": "2025-08-21",
    "time": "19:00",
    "venue": "Conduit",
    "venue_url": "https://www.conduitfl.com/",
    "url": "https://www.conduitfl.com/",
    "description": "Live music at Conduit. 26.91. Tickets: $18 and up",
    "price": "$18 and up",
    "age_restriction": "26.91",
    "source": "conduit",
    "flyer_url": "https://i.ticketweb.com/i/00/12/57/46/84_Original.jpg?v=3",
    "flyer_filename": "conduit-08.21-AJ-McQueen-When-We-Evolve-Tour.jpg"
  },
  {
    "title": "Impending Doom and With Blood Comes Cleaning",
    "date": "2025-08-22",
    "time": "19:00",
    "venue": "Conduit",
    "venue_url": "https://www.conduitfl.com/",
    "url": "https://www.conduitfl.com/",
    "description": "Live music at Conduit. 26.91. Tickets: $18 and up",
    "price": "$18 and up",
    "age_restriction": "26.91",
    "source": "conduit",
    "flyer_url": "https://i.ticketweb.com/i/00/12/98/02/93_Original.jpg?v=5",
    "flyer_filename": "conduit-08.22-Impending-Doom-and-With-Blood-Comes-Cleaning.jpg"
  },
  {
    "title": "Hopes and Dreams \u2013 Music from Undertale, Deltarune, and More",
    "date": "2025-08-23",
    "time": "19:00",
    "venue": "Conduit",
    "venue_url": "https://www.conduitfl.com/",
    "url": "https://www.conduitfl.com/",
    "description": "Live music at Conduit. 26.91. Tickets: $18 and up",
    "price": "$18 and up",
    "age_restriction": "26.91",
    "source": "conduit",
    "flyer_url": "https://i.ticketweb.com/i/00/12/58/90/24_Original.jpg?v=3",
    "flyer_filename": "conduit-08.23-Hopes-and-Dreams-Music-from-Undertale-Deltarune-an.jpg"
  },
  {
    "title": "Wyndrider, Bunaand, and Graveyard Dogs",
    "date": "2025-08-26",
    "time": "19:00",
    "venue": "Conduit",
    "venue_url": "https://www.conduitfl.com/",
    "url": "https://www.conduitfl.com/",
    "description": "Live music at Conduit. 19.90. Tickets: $18 and up",
    "price": "$18 and up",
    "age_restriction": "19.90",
    "source": "conduit",
    "flyer_url": "https://i.ticketweb.com/i/00/12/59/37/74_Original.jpg?v=4",
    "flyer_filename": "conduit-08.26-Wyndrider-Bunaand-and-Graveyard-Dogs.jpg"
  },
  {
    "title": "Dark Remedy, Pistols at Dawn, Phantom Limbs, and Black Heart Society",
    "date": "2025-08-27",
    "time": "19:00",
    "venue": "Conduit",
    "venue_url": "https://www.conduitfl.com/",
    "url": "https://www.conduitfl.com/",
    "description": "Live music at Conduit. 19.90. Tickets: $18 and up",
    "price": "$18 and up",
    "age_restriction": "19.90",
    "source": "conduit",
    "flyer_url": "https://i.ticketweb.com/i/00/12/59/51/24_Original.jpg?v=4",
    "flyer_filename": "conduit-08.27-Dark-Remedy-Pistols-at-Dawn-Phantom-Limbs-and-Blac.jpg"
  },
  {
    "title": "No Fly List, Friends Like Us, and More",
    "date": "2025-08-28",
    "time": "19:00",
    "venue": "Conduit",
    "venue_url": "https://www.conduitfl.com/",
    "url": "https://www.conduitfl.com/",
    "description": "Live music at Conduit. 19.90. Tickets: $18 and up",
    "price": "$18 and up",
    "age_restriction": "19.90",
    "source": "conduit",
    "flyer_url": "https://i.ticketweb.com/i/00/12/71/69/34_Original.jpg?v=3",
    "flyer_filename": "conduit-08.28-No-Fly-List-Friends-Like-Us-and-More.jpg"
  },
  {
    "title": "Truckfighters and Restless Spirit",
    "date": "2025-08-29",
    "time": "19:00",
    "venue": "Conduit",
    "venue_url": "https://www.conduitfl.com/",
    "url": "https://www.conduitfl.com/",
    "description": "Live music at Conduit. 26.91. Tickets: $18 and up",
    "price": "$18 and up",
    "age_restriction": "26.91",
    "source": "conduit",
    "flyer_url": "https://i.ticketweb.com/i/00/12/58/19/54_Original.jpg?v=4",
    "flyer_filename": "conduit-08.29-Truckfighters-and-Restless-Spirit.jpg"
  },
  {
    "title": "Gruesome, Chaos Relic, and MRSA",
    "date": "2025-08-30",
    "time": "19:00",
    "venue": "Conduit",
    "venue_url": "https://www.conduitfl.com/",
    "url": "https://www.conduitfl.com/",
    "description": "Live music at Conduit. 26.91. Tickets: $18 and up",
    "price": "$18 and up",
    "age_restriction": "26.91",
    "source": "conduit",
    "flyer_url": "https://i.ticketweb.com/i/00/12/63/51/14_Original.jpg?v=3",
    "flyer_filename": "conduit-08.30-Gruesome-Chaos-Relic-and-MRSA.jpg"
  },
  {
    "title": "K-Pop Dance Night (Throwback Night!)",
    "date": "2025-09-05",
    "time": "19:00",
    "venue": "Conduit",
    "venue_url": "https://www.conduitfl.com/",
    "url": "https://www.conduitfl.com/",
    "description": "Live music at Conduit. 26.91. Tickets: $18 and up",
    "price": "$18 and up",
    "age_restriction": "26.91",
    "source": "conduit",
    "flyer_url": "https://i.ticketweb.com/i/00/12/65/43/24_Original.jpg?v=3",
    "flyer_filename": "conduit-09.05-K-Pop-Dance-Night-Throwback-Night.jpg"
  },
  {
    "title": "Quannnic in Orlando",
    "date": "2025-09-06",
    "time": "19:00",
    "venue": "Conduit",
    "venue_url": "https://www.conduitfl.com/",
    "url": "https://www.conduitfl.com/",
    "description": "Live music at Conduit. 26.91. Tickets: $All Ages",
    "price": "$All Ages",
    "age_restriction": "26.91",
    "source": "conduit",
    "flyer_url": "https://i.ticketweb.com/i/00/12/61/32/14_Original.jpg?v=3",
    "flyer_filename": "conduit-09.06-Quannnic-in-Orlando.jpg"
  },
  {
    "title": "Angry Zeta and More",
    "date": "2025-09-08",
    "time": "19:00",
    "venue": "Conduit",
    "venue_url": "https://www.conduitfl.com/",
    "url": "https://www.conduitfl.com/",
    "description": "Live music at Conduit. 19.90. Tickets: $18 and up",
    "price": "$18 and up",
    "age_restriction": "19.90",
    "source": "conduit",
    "flyer_url": "https://i.ticketweb.com/i/00/12/59/09/54_Original.jpg?v=3",
    "flyer_filename": "conduit-09.08-Angry-Zeta-and-More.jpg"
  },
  {
    "title": "KAYKO \"Manic Pixie Dream Girl Tour\" 2025",
    "date": "2025-09-10",
    "time": "19:00",
    "venue": "Conduit",
    "venue_url": "https://www.conduitfl.com/",
    "url": "https://www.conduitfl.com/",
    "description": "Live music at Conduit. 26.91. Tickets: $18 and up",
    "price": "$18 and up",
    "age_restriction": "26.91",
    "source": "conduit",
    "flyer_url": "https://i.ticketweb.com/i/00/12/57/44/64_Original.jpg?v=5",
    "flyer_filename": "conduit-09.10-KAYKO-Manic-Pixie-Dream-Girl-Tour-2025.jpg"
  },
  {
    "title": "Playing With Knives (Album Release), Delilah, AndIDreamtOfYou, Andwhentheskywasopened, and Self Inflicted Wound",
    "date": "2025-09-12",
    "time": "19:00",
    "venue": "Conduit",
    "venue_url": "https://www.conduitfl.com/",
    "url": "https://www.conduitfl.com/",
    "description": "Live music at Conduit. 19.90. Tickets: $18 and up",
    "price": "$18 and up",
    "age_restriction": "19.90",
    "source": "conduit",
    "flyer_url": "https://i.ticketweb.com/i/00/12/66/27/44_Original.jpg?v=3",
    "flyer_filename": "conduit-09.12-Playing-With-Knives-Album-Release-Delilah-AndIDrea.jpg"
  },
  {
    "title": "Endoxa Booking & 152 Productions Present: The Callaous Daoboys, UnityTX, Your Spirit Dies, and Crush++",
    "date": "2025-09-13",
    "time": "19:00",
    "venue": "Conduit",
    "venue_url": "https://www.conduitfl.com/",
    "url": "https://www.conduitfl.com/",
    "description": "Live music at Conduit. 33.16. Tickets: $18 and up\n\n\n\n\n\nMore Info\nBuy Tickets\n\n\n\n\n\n\n\n\n\n\n\n\n\nSun\n09.14\n\n\n\n\n\n\n\n\n\n\nCrypta \"In The Other Side\" Tour 2025\n\n\n\n\n\nShow: 07:00PM\n\n\n                                        EDT                                    \n(Doors: 07:00PM )\n\n18 and up",
    "price": "$18 and up\n\n\n\n\n\nMore Info\nBuy Tickets\n\n\n\n\n\n\n\n\n\n\n\n\n\nSun\n09.14\n\n\n\n\n\n\n\n\n\n\nCrypta \"In The Other Side\" Tour 2025\n\n\n\n\n\nShow: 07:00PM\n\n\n                                        EDT                                    \n(Doors: 07:00PM )\n\n18 and up",
    "age_restriction": "33.16",
    "source": "conduit",
    "flyer_url": "https://i.ticketweb.com/i/00/13/08/85/43_Original.jpg?v=3",
    "flyer_filename": "conduit-09.13-Endoxa-Booking-152-Productions-Present-The-Callaou.jpg"
  },
  {
    "title": "Narcotic Wasteland \"Annihilation of the Wasteland\" Tour",
    "date": "2025-09-17",
    "time": "19:00",
    "venue": "Conduit",
    "venue_url": "https://www.conduitfl.com/",
    "url": "https://www.conduitfl.com/",
    "description": "Live music at Conduit. 26.91. Tickets: $18 and up",
    "price": "$18 and up",
    "age_restriction": "26.91",
    "source": "conduit",
    "flyer_url": "https://i.ticketweb.com/i/00/13/05/46/43_Original.jpg?v=5",
    "flyer_filename": "conduit-09.17-Narcotic-Wasteland-Annihilation-of-the-Wasteland-T.jpg"
  },
  {
    "title": "Jon Breaks Bad News",
    "date": "2025-09-19",
    "time": "19:00",
    "venue": "Conduit",
    "venue_url": "https://www.conduitfl.com/",
    "url": "https://www.conduitfl.com/",
    "description": "Live music at Conduit. 26.91. Tickets: $18 and up",
    "price": "$18 and up",
    "age_restriction": "26.91",
    "source": "conduit",
    "flyer_url": "https://i.ticketweb.com/i/00/12/65/39/14_Original.jpg?v=4",
    "flyer_filename": "conduit-09.19-Jon-Breaks-Bad-News.jpg"
  },
  {
    "title": "Hot in Here: A 2000s Dance Party",
    "date": "2025-09-20",
    "time": "19:00",
    "venue": "Conduit",
    "venue_url": "https://www.conduitfl.com/",
    "url": "https://www.conduitfl.com/",
    "description": "Live music at Conduit. 23.70. Tickets: $18 and up",
    "price": "$18 and up",
    "age_restriction": "23.70",
    "source": "conduit",
    "flyer_url": "https://i.ticketweb.com/i/00/12/54/16/64_Original.jpg?v=4",
    "flyer_filename": "conduit-09.20-Hot-in-Here-A-2000s-Dance-Party.jpg"
  }
]